epoch,local_presence_slot,peer_presence_slot,presence_received,presence_collision,local_heartbeat_slot,peer_heartbeat_slot,heartbeat_received,heartbeat_collision,received_total
29853272,0,8,True,False,31,23,True,False,2
29853273,5,13,True,False,26,38,True,False,2
29853274,10,18,True,False,21,33,True,False,2
29853275,15,3,False,False,36,28,True,False,1
29853276,0,8,True,False,31,23,True,False,2
29853277,5,13,True,False,26,38,True,False,2
29853278,10,18,True,False,21,33,True,False,2
29853279,15,3,False,False,36,28,True,False,1
29853280,0,8,True,False,31,23,True,False,2
29853281,5,13,True,False,26,38,True,False,2
29853282,10,18,True,False,21,33,True,False,2
29853283,15,3,False,False,36,28,True,False,1
29853284,0,8,True,False,31,23,True,False,2
29853285,5,13,True,False,26,38,True,False,2
29853286,10,18,True,False,21,33,True,False,2
29853287,15,3,False,False,36,28,True,False,1
29853288,0,8,True,False,31,23,True,False,2
29853289,5,13,True,False,26,38,True,False,2
29853290,10,18,True,False,21,33,True,False,2
29853291,15,3,False,False,36,28,True,False,1
29853292,0,8,True,False,31,23,True,False,2
29853293,5,13,True,False,26,38,True,False,2
