record,mono_s,utc_s,category,error,elapsed_min
4,0.562,,MissedSlot,Schedule(MissedSlot),
25,21.684,1791196320.05112,MissedSlot,Schedule(MissedSlot),0.0008520007133483887
70,86.684,1791196385.051294,MissedSlot,Schedule(MissedSlot),1.0841882348060607
87,107.704,1791196406.071941,MissedSlot,Schedule(MissedSlot),1.434532348314921
121,151.683,1791196450.051434,MissedSlot,Schedule(MissedSlot),2.167523900667826
134,162.703,1791196461.071527,MissedSlot,Schedule(MissedSlot),2.3511921167373657
171,216.682,1791196515.051079,MissedSlot,Schedule(MissedSlot),3.250851317246755
186,237.702,1791196536.071531,MissedSlot,Schedule(MissedSlot),3.6011921842892964
208,261.682,1791196560.05109,MissedSlot,Schedule(MissedSlot),4.000851500034332
253,326.681,1791196625.051088,MissedSlot,Schedule(MissedSlot),5.084184801578521
270,347.701,1791196646.071547,MissedSlot,Schedule(MissedSlot),5.43452578385671
302,391.68,1791196690.051089,MissedSlot,Schedule(MissedSlot),6.167518150806427
315,402.7,1791196701.071556,MissedSlot,Schedule(MissedSlot),6.35119260152181
352,456.679,1791196755.05109,MissedSlot,Schedule(MissedSlot),7.250851500034332
362,471.926,1791196770.297974,UnsupportedFrame,Frame(UnsupportedVersion(0)),7.504966235160827
369,477.7,1791196776.071562,MissedSlot,Schedule(MissedSlot),7.601192700862884
391,501.679,1791196800.051099,MissedSlot,Schedule(MissedSlot),8.000851651032766
436,566.678,1791196865.0511,MissedSlot,Schedule(MissedSlot),9.084185000260671
453,587.698,1791196886.071573,MissedSlot,Schedule(MissedSlot),9.434526216983794
485,631.678,1791196930.051102,MissedSlot,Schedule(MissedSlot),10.167518365383149
497,642.698,1791196941.071574,MissedSlot,Schedule(MissedSlot),10.351192899545033
537,694.835,1791196993.209192,UnsupportedFrame,Frame(UnsupportedVersion(0)),11.220153200626374
539,695.923,1791196994.297507,UnsupportedFrame,Frame(UnsupportedVersion(0)),11.238291784127552
544,696.677,1791196995.051111,MissedSlot,Schedule(MissedSlot),11.250851849714914
559,717.697,1791197016.071587,MissedSlot,Schedule(MissedSlot),11.601193118095399
593,741.676,1791197040.051106,MissedSlot,Schedule(MissedSlot),12.000851766268413
644,806.676,1791197105.051106,MissedSlot,Schedule(MissedSlot),13.084185099601745
660,827.696,1791197126.071584,MissedSlot,Schedule(MissedSlot),13.434526399771373
709,871.675,1791197170.051107,MissedSlot,Schedule(MissedSlot),14.16751844882965
722,882.695,1791197181.071585,MissedSlot,Schedule(MissedSlot),14.35119308233261
775,936.674,1791197235.051107,MissedSlot,Schedule(MissedSlot),15.250851782162984
790,957.694,1791197256.071581,MissedSlot,Schedule(MissedSlot),15.60119301478068
813,981.674,1791197280.051111,MissedSlot,Schedule(MissedSlot),16.000851849714916
857,1030.828,1791197329.20544,UnsupportedFrame,Frame(UnsupportedVersion(0)),16.820090667406717
874,1046.673,1791197345.05111,MissedSlot,Schedule(MissedSlot),17.084185167153677
898,1067.693,1791197366.071588,MissedSlot,Schedule(MissedSlot),17.434526467323302
932,1111.672,1791197410.051234,MissedSlot,Schedule(MissedSlot),18.167520566781363
954,1122.693,1791197421.071591,MissedSlot,Schedule(MissedSlot),18.351193181673686
999,1176.672,1791197475.051112,MissedSlot,Schedule(MissedSlot),19.250851865609487
1022,1197.692,1791197496.071587,MissedSlot,Schedule(MissedSlot),19.6011931180954
1041,1221.671,1791197520.05111,MissedSlot,Schedule(MissedSlot),20.00085183382034
1081,1255.913,1791197554.293851,UnsupportedFrame,Frame(UnsupportedVersion(0)),20.571564181645712
1083,1256.683,1791197555.063417,UnsupportedFrame,Frame(UnsupportedVersion(3)),20.58439028263092
1104,1286.67,1791197585.051106,MissedSlot,Schedule(MissedSlot),21.084185099601747
1130,1307.691,1791197606.07158,MissedSlot,Schedule(MissedSlot),21.43452633221944
