record,mono_s,utc_s,valid,fixes_seen,satellites,hdop,uncertainty_m,elapsed_min
2,0.051,,False,0,,,,
9,5.664,,False,1,,,,
15,8.003,1791196306.369747,True,6,6.0,1.93,41.0,-0.2271708846092224
34,34.993,1791196333.359638,True,60,8.0,1.29,6.0,0.22266063292821248
56,65.008,1791196363.374984,True,120,8.0,1.29,6.0,0.7229164004325866
77,95.002,1791196393.369032,True,180,7.0,1.55,8.0,1.2228171984354654
103,124.998,1791196423.365801,True,240,7.0,1.55,7.0,1.7227633515993754
123,155.008,1791196453.376124,True,300,8.0,1.49,7.0,2.2229353984196982
152,185.02,1791196483.388737,True,360,8.0,1.49,7.0,2.723145616054535
167,215.013,1791196513.381864,True,420,7.0,1.8,9.0,3.2230310678482055
196,245.012,1791196543.381564,True,480,8.0,1.65,8.0,3.7230260650316875
217,275.002,1791196573.371395,True,540,8.0,1.65,8.0,4.222856585184733
239,305.005,1791196603.37454,True,600,8.0,1.48,7.0,4.722909001509349
260,335.082,1791196633.452738,True,660,8.0,1.48,7.0,5.2242123007774355
286,365.102,1791196663.472651,True,720,9.0,1.24,6.0,5.724544183413188
304,395.1,1791196693.470762,True,780,7.0,1.54,7.0,6.224512700239817
333,425.072,1791196723.443593,True,840,8.0,1.47,7.0,6.724059883753458
348,455.067,1791196753.438169,True,900,7.0,1.54,7.0,7.22396948337555
379,485.08,1791196783.451986,True,960,7.0,1.46,7.0,7.724199767907461
400,515.086,1791196813.45817,True,1020,8.0,1.27,6.0,8.224302832285563
422,545.113,1791196843.485752,True,1080,9.0,1.21,6.0,8.724762535095214
443,575.104,1791196873.476673,True,1140,9.0,1.21,6.0,9.224611214796703
469,605.115,1791196903.488704,True,1200,9.0,1.21,6.0,9.724811732769012
526,673.005,1791196971.379121,True,1260,9.0,1.11,8.0,10.856318684418996
589,740.995,1791197039.36931,True,1320,6.0,1.71,9.0,11.989488498369854
639,803.999,1791197102.374901,True,1380,9.0,0.94,8.0,13.039581684271495
700,866.992,1791197165.368437,True,1440,8.0,1.78,8.0,14.089473950862885
768,930.009,1791197228.386292,True,1500,10.0,1.27,14.0,15.13977153301239
833,992.981,1791197291.358292,True,1560,7.0,1.54,12.0,16.18930486838023
888,1056.019,1791197354.397232,True,1620,9.0,1.33,6.0,17.2399538675944
945,1119.028,1791197417.406878,True,1680,7.0,1.86,72.0,18.29011463324229
1009,1182.972,1791197481.351781,True,1740,7.0,1.49,16.0,19.355863014856975
1068,1246.064,1791197544.444382,True,1800,8.0,1.53,23.0,20.40740636587143
1135,1310.017,1791197608.397598,True,1860,8.0,1.41,34.0,21.473293300469717
