record,mono_s,utc_s,epoch,node,rssi_dbm,snr_db,received_packets,failed_packets,elapsed_min
49,61.633,1791196360.000238,29853272,941614212,-45.0,16.0,2,0,0.6666706323623657
96,121.633,1791196420.000512,29853273,941614212,-45.0,15.75,4,0,1.6666751980781556
145,181.631,1791196479.99996,29853274,941614212,-45.0,14.75,6,0,2.6666659990946453
189,241.631,1791196539.999989,29853275,941614212,-45.0,15.25,7,0,3.6666664838790894
232,301.63,1791196599.999998,29853276,941614212,-45.0,16.25,9,0,4.666666634877523
279,361.629,1791196660.000014,29853277,941614212,-45.0,15.25,11,0,5.666666901111602
326,421.629,1791196720.000013,29853278,941614212,-45.0,15.25,13,0,6.6666668852170305
372,481.628,1791196780.000029,29853279,941614212,-46.0,15.5,14,0,7.666667151451111
415,541.627,1791196840.000035,29853280,941614212,-47.0,15.25,16,0,8.666667250792186
462,601.627,1791196900.000041,29853281,941614212,-49.0,16.0,18,0,9.66666735013326
512,661.626,1791196960.000037,29853282,941614212,-50.0,15.0,20,0,10.66666728258133
562,721.625,1791197020.000056,29853283,941614212,-50.0,15.0,21,0,11.666667600472769
616,781.625,1791197080.000056,29853284,941614212,-53.0,15.25,23,0,12.666667600472769
669,841.624,1791197140.000055,29853285,941614212,-52.0,15.25,25,0,13.666667584578196
733,901.624,1791197200.000054,29853286,941614212,-47.0,14.75,27,0,14.66666756470998
793,961.623,1791197260.000054,29853287,941614212,-49.0,15.75,28,0,15.66666756470998
848,1021.622,1791197320.000055,29853288,941614212,-48.0,16.0,30,0,16.666667584578196
907,1081.622,1791197380.000054,29853289,941614212,-44.0,15.75,32,0,17.666667564709982
966,1141.621,1791197440.000052,29853290,941614212,-45.0,14.75,34,0,18.666667532920837
1025,1201.62,1791197500.00005,29853291,941614212,-48.0,16.25,35,0,19.666667501131695
1086,1261.62,1791197560.000056,29853292,941614212,-46.0,15.0,37,0,20.666667600472767
1147,1321.619,1791197620.000042,29853293,941614212,-61.0,15.0,39,0,21.66666736602783
