record,mono_s,utc_s,frame_type,source,epoch,expected_slot,sequence,class,rssi_dbm,snr_db,elapsed_min
30,28.685,1791196327.052041,Presence,941614212,29853272,8,6,Outside,-46.0,14.25,0.11753401756286622
39,43.706,1791196342.072512,Heartbeat,941614212,29853272,23,7,Outside,-45.0,16.0,0.36787519852320355
75,93.684,1791196392.051948,Presence,941614212,29853273,13,8,Outside,-45.0,15.5,1.2008658011754354
93,118.705,1791196417.072609,Heartbeat,941614212,29853273,38,9,Outside,-45.0,15.75,1.6178768157958985
127,158.684,1791196457.052114,Presence,941614212,29853274,18,10,Outside,-45.0,14.25,2.284201900164286
140,173.704,1791196472.072712,Heartbeat,941614212,29853274,33,11,Outside,-45.0,14.75,2.5345451990763346
177,228.704,1791196527.072755,Heartbeat,941614212,29853275,28,13,Outside,-45.0,15.25,3.4512125849723816
213,268.683,1791196567.05218,Presence,941614212,29853276,8,14,Outside,-45.0,15.5,4.117536334196727
222,283.703,1791196582.072767,Heartbeat,941614212,29853276,23,15,Outside,-45.0,16.25,4.3678794503211975
258,333.682,1791196632.052223,Presence,941614212,29853277,13,16,Outside,-45.0,16.0,5.200870382785797
276,358.702,1791196657.072765,Heartbeat,941614212,29853277,38,17,Outside,-45.0,15.25,5.617879418532054
308,398.681,1791196697.052187,Presence,941614212,29853278,18,18,Outside,-44.0,15.0,6.2842031160990395
321,413.702,1791196712.072819,Heartbeat,941614212,29853278,33,19,Outside,-45.0,15.25,6.534546983242035
358,468.701,1791196767.072785,Heartbeat,941614212,29853279,28,21,Outside,-46.0,15.5,7.451213081677754
396,508.68,1791196807.052233,Presence,941614212,29853280,8,22,Outside,-47.0,15.0,8.11753721634547
405,523.7,1791196822.072805,Heartbeat,941614212,29853280,23,23,Outside,-47.0,15.25,8.367880082130432
441,573.679,1791196872.05223,Presence,941614212,29853281,13,24,Outside,-49.0,15.5,9.200870498021443
459,598.7,1791196897.072787,Heartbeat,941614212,29853281,38,25,Outside,-49.0,16.0,9.617879784107208
490,638.679,1791196937.052307,Presence,941614212,29853282,18,26,Outside,-48.0,15.0,10.28420511484146
503,653.699,1791196952.072898,Heartbeat,941614212,29853282,33,27,Outside,-50.0,15.0,10.534548298517864
550,708.698,1791197007.072901,Heartbeat,941614212,29853283,28,29,Outside,-50.0,15.0,11.45121501684189
598,748.677,1791197047.052302,Presence,941614212,29853284,8,30,Outside,-55.0,15.75,12.117538364728292
606,763.698,1791197062.072896,Heartbeat,941614212,29853284,23,31,Outside,-53.0,15.25,12.367881600062052
649,813.677,1791197112.052296,Presence,941614212,29853285,13,32,Outside,-40.0,14.5,13.20087159872055
666,838.697,1791197137.072897,Heartbeat,941614212,29853285,38,33,Outside,-52.0,15.25,13.617881615956625
715,878.676,1791197177.052297,Presence,941614212,29853286,18,34,Outside,-54.0,15.75,14.2842049519221
728,893.696,1791197192.072896,Heartbeat,941614212,29853286,33,35,Outside,-47.0,14.75,14.534548266728718
781,948.696,1791197247.072899,Heartbeat,941614212,29853287,28,37,Outside,-49.0,15.75,15.451214985052745
824,988.675,1791197287.052306,Presence,941614212,29853288,8,38,Outside,-48.0,16.0,16.117538432280224
838,1003.695,1791197302.072895,Heartbeat,941614212,29853288,23,39,Outside,-48.0,16.0,16.36788158416748
885,1053.674,1791197352.052311,Presence,941614212,29853289,13,40,Outside,-44.0,14.75,17.200871849060057
904,1078.694,1791197377.072903,Heartbeat,941614212,29853289,38,41,Outside,-44.0,15.75,17.6178817152977
942,1118.673,1791197417.052312,Presence,941614212,29853290,18,42,Outside,-45.0,14.5,18.284205198287964
961,1133.694,1791197432.072899,Heartbeat,941614212,29853290,33,43,Outside,-45.0,14.75,18.53454831838608
1013,1188.693,1791197487.072903,Heartbeat,941614212,29853291,28,45,Outside,-48.0,16.25,19.45121504863103
1046,1228.672,1791197527.052309,Presence,941614212,29853292,8,46,Outside,-48.0,15.25,20.117538483937583
1063,1243.693,1791197542.072904,Heartbeat,941614212,29853292,23,47,Outside,-46.0,15.0,20.367881735165913
1109,1293.672,1791197592.052314,Presence,941614212,29853293,13,48,Outside,-53.0,14.75,21.200871900717416
1144,1318.692,1791197617.072903,Heartbeat,941614212,29853293,38,49,Outside,-61.0,15.0,21.6178817152977
