record,mono_s,utc_s,epoch,presence_slot,heartbeat_slot,elapsed_min
14,7.051,1791196305.418068,29853272,0,31,-0.2430322011311849
53,61.634,1791196360.000661,29853273,5,26,0.6666776816050212
100,121.633,1791196420.000936,29853274,10,21,1.6666822671890258
149,181.632,1791196480.000384,29853275,15,36,2.6666730682055158
193,241.631,1791196540.000415,29853276,0,31,3.6666735847791037
236,301.63,1791196600.000422,29853277,5,26,4.6666737000147505
283,361.63,1791196660.000438,29853278,10,21,5.666673966248831
330,421.629,1791196720.000437,29853279,15,36,6.666673950354258
376,481.629,1791196780.000452,29853280,0,31,7.666674200693766
419,541.628,1791196840.000459,29853281,5,26,8.666674315929413
466,601.627,1791196900.000465,29853282,10,21,9.666674415270487
516,661.627,1791196960.000493,29853283,15,36,10.66667488416036
566,721.626,1791197020.000506,29853284,0,31,11.66667509873708
620,781.625,1791197080.00051,29853285,5,26,12.666675166289012
673,841.625,1791197140.000508,29853286,10,21,13.666675134499867
737,901.624,1791197200.000495,29853287,15,36,14.666674915949503
797,961.623,1791197260.000494,29853288,0,31,15.666674900054932
852,1021.623,1791197320.000495,29853289,5,26,16.666674915949503
911,1081.622,1791197380.00049,29853290,10,21,17.666674832503002
970,1141.621,1791197440.000488,29853291,15,36,18.666674800713857
1029,1201.621,1791197500.00047,29853292,0,31,19.66667449871699
1090,1261.62,1791197560.000477,29853293,5,26,20.66667461792628
1151,1321.619,1791197620.000462,29853294,10,21,21.666674367586772
