record,mono_s,utc_s,epoch,frames_tx,frames_rx,heartbeat_tx,presence_tx,presence_rx,malformed_frames,unsupported_frames,schedule_misses,scheduler_conflicts,queue_drops,neighbour_count,radio_errors,heartbeat_rx,unknown_heartbeat_rx,predicted_rx,predicted_misses,scan_rx,outside_rx,unverifiable_rx,application_malformed,diagnostic_drops,logging_drops,logging_truncations,elapsed_min
50,61.633,1791196360.000273,29853272,2,2,1,1,1,0,0,2,0,0,1,0,1,0,0,0,0,2,0,0,0,0,0,0.6666712164878845
97,121.633,1791196420.000547,29853273,4,4,2,2,2,0,0,4,0,0,1,0,2,0,0,0,0,4,0,0,0,0,0,1.6666757822036744
146,181.631,1791196479.999995,29853274,6,6,3,3,3,0,0,6,0,0,1,0,3,0,0,0,0,6,0,0,0,0,0,2.666666583220164
190,241.631,1791196540.000025,29853275,8,7,4,4,3,0,0,8,0,0,1,0,4,0,0,0,0,7,0,0,0,0,0,3.66666708389918
233,301.63,1791196600.000033,29853276,10,9,5,5,4,0,0,9,0,0,1,0,5,0,0,0,0,9,0,0,0,0,0,4.666667215029398
280,361.629,1791196660.000049,29853277,12,11,6,6,5,0,0,11,0,0,1,0,6,0,0,0,0,11,0,0,0,0,0,5.666667485237122
327,421.629,1791196720.000049,29853278,14,13,7,7,6,0,0,13,0,0,1,0,7,0,0,0,0,13,0,0,0,0,0,6.666667485237122
373,481.628,1791196780.000064,29853279,16,14,8,8,6,0,1,15,0,0,1,0,8,0,0,0,0,14,0,0,0,0,0,7.6666677316029865
416,541.627,1791196840.000071,29853280,18,16,9,9,7,0,1,16,0,0,1,0,9,0,0,0,0,16,0,0,0,0,0,8.666667850812276
463,601.627,1791196900.000076,29853281,20,18,10,10,8,0,1,18,0,0,1,0,10,0,0,0,0,18,0,0,0,0,0,9.66666793425878
513,661.626,1791196960.000078,29853282,22,20,11,11,9,0,1,20,0,0,1,0,11,0,0,0,0,20,0,0,0,0,0,10.666667966047923
563,721.626,1791197020.000095,29853283,24,21,12,12,9,0,3,22,0,0,1,0,12,0,0,0,0,21,0,0,0,0,0,11.666668248176574
617,781.625,1791197080.0001,29853284,26,23,13,13,10,0,3,23,0,0,1,0,13,0,0,0,0,23,0,0,0,0,0,12.666668331623077
670,841.624,1791197140.000099,29853285,28,25,14,14,11,0,3,25,0,0,1,0,14,0,0,0,0,25,0,0,0,0,0,13.666668315728506
734,901.624,1791197200.000092,29853286,30,27,15,15,12,0,3,27,0,0,1,0,15,0,0,0,0,27,0,0,0,0,0,14.66666820049286
794,961.623,1791197260.000092,29853287,32,28,16,16,12,0,3,29,0,0,1,0,16,0,0,0,0,28,0,0,0,0,0,15.66666820049286
849,1021.622,1791197320.000093,29853288,34,30,17,17,13,0,3,30,0,0,1,0,17,0,0,0,0,30,0,0,0,0,0,16.666668216387432
908,1081.622,1791197380.000092,29853289,36,32,18,18,14,0,4,32,0,0,1,0,18,0,0,0,0,32,0,0,0,0,0,17.666668200492857
967,1141.621,1791197440.00009,29853290,38,34,19,19,15,0,4,34,0,0,1,0,19,0,0,0,0,34,0,0,0,0,0,18.666668164730073
1026,1201.62,1791197500.000085,29853291,40,35,20,20,15,0,4,36,0,0,1,0,20,0,0,0,0,35,0,0,0,0,0,19.66666808525721
1087,1261.62,1791197560.000091,29853292,42,37,21,21,16,0,6,37,0,0,1,0,21,0,0,0,0,37,0,0,0,0,0,20.666668184598286
1148,1321.619,1791197620.000077,29853293,44,39,22,22,17,0,6,39,0,0,1,0,22,0,0,0,0,39,0,0,0,0,0,21.66666795015335
