record,mono_s,utc_s,source,uncertainty_us,accepted_anchors,rejected_anchors,calibration_samples,calibration_locked,calibrated_error_ppb,elapsed_min
3,0.052,,None,18446744073709551615,0,0,0,False,0,
10,6.707,1791196305.073584,GpsPps,100,1,0,1,False,0,-0.24877359867095947
57,65.908,1791196364.274924,GpsPps,529,60,0,1,False,0,0.7379154006640116
58,67.962,1791196366.329053,GpsPps,538,62,0,2,False,10819,0.7721508820851644
104,125.896,1791196424.263775,GpsPps,285,120,0,2,False,10819,1.737729585170746
107,128.892,1791196427.259725,GpsPps,279,123,0,3,False,10827,1.7876620848973592
153,185.924,1791196484.292757,GpsPps,191,180,0,3,False,10827,2.7382126172383625
156,189.93,1791196488.298949,GpsPps,186,184,0,4,False,10833,2.8049824833869934
197,245.925,1791196544.294814,GpsPps,165,240,0,4,False,10833,3.7382469018300375
200,250.92,1791196549.289564,GpsPps,165,245,0,5,False,10836,3.8214927315711975
240,305.902,1791196604.271515,GpsPps,157,300,0,5,False,10836,4.737858581542969
243,311.952,1791196610.322253,GpsPps,157,306,0,6,False,10839,4.838704216480255
287,365.991,1791196664.361846,GpsPps,150,360,0,6,False,10839,5.739364099502564
290,372.967,1791196671.337283,GpsPps,149,367,0,7,False,10844,5.855621381600698
334,425.966,1791196724.337463,GpsPps,142,420,0,7,False,10844,6.738957715034485
339,433.957,1791196732.328421,GpsPps,141,428,0,8,False,10848,6.872140351931254
380,485.987,1791196784.359174,GpsPps,135,480,0,8,False,10848,7.73931956688563
385,494.985,1791196793.357348,GpsPps,134,489,0,9,False,10852,7.889289132754008
423,546.0,1791196844.37226,GpsPps,128,540,0,9,False,10852,8.739537668228149
428,555.989,1791196854.361448,GpsPps,127,550,0,10,False,10856,8.906024134159088
470,606.005,1791196904.377945,GpsPps,123,600,0,10,False,10856,9.739632415771485
475,617.007,1791196915.380589,GpsPps,122,611,0,11,True,10860,9.923009816805521
505,656.616,1791196954.989445,GpsPps,518,611,1,11,True,10860,10.583157416184743
506,657.616,1791196955.989423,GpsPps,528,611,2,11,True,10860,10.599823717276255
509,659.843,1791196958.216646,GpsPps,551,611,3,11,True,10860,10.636944099267323
510,660.871,1791196959.245225,GpsPps,561,611,4,11,True,10860,10.654087082544963
517,661.875,1791196960.249182,GpsPps,571,611,5,11,True,10860,10.670819699764252
518,662.862,1791196961.235813,GpsPps,581,611,6,11,True,10860,10.687263548374176
521,663.888,1791196962.261593,GpsPps,591,611,7,11,True,10860,10.704359885056814
522,664.892,1791196963.265483,GpsPps,601,611,8,11,True,10860,10.721091381708781
523,665.898,1791196964.271635,GpsPps,611,611,9,11,True,10860,10.737860584259034
569,724.993,1791197023.367596,GpsPps,512,631,10,11,True,10860,11.722793265183766
570,725.988,1791197024.36292,GpsPps,522,631,11,11,True,10860,11.739382000764211
571,726.988,1791197025.36253,GpsPps,532,631,12,11,True,10860,11.756042166550953
574,727.994,1791197026.368892,GpsPps,542,631,13,11,True,10860,11.772814865907034
575,728.994,1791197027.369009,GpsPps,552,631,14,11,True,10860,11.789483483632406
576,729.994,1791197028.368992,GpsPps,562,631,15,11,True,10860,11.80614986817042
577,730.994,1791197029.369102,GpsPps,572,631,16,11,True,10860,11.822818366686503
580,733.882,1791197032.256387,GpsPps,601,631,17,11,True,10860,11.87093978325526
581,734.889,1791197033.263578,GpsPps,611,631,18,11,True,10860,11.887726298967998
582,735.895,1791197034.270109,GpsPps,621,631,19,11,True,10860,11.904501815636953
583,736.885,1791197035.259481,GpsPps,631,631,20,11,True,10860,11.920991349220277
584,737.887,1791197036.261549,GpsPps,641,631,21,11,True,10860,11.937692483266195
587,738.905,1791197037.279584,GpsPps,651,631,22,11,True,10860,11.95465973218282
588,739.892,1791197038.26665,GpsPps,661,631,23,11,True,10860,11.971110832691192
625,788.379,1791197086.754323,GpsPps,466,645,24,11,True,10860,12.779238716761272
626,789.381,1791197087.756132,GpsPps,476,645,25,11,True,10860,12.795935531457266
631,798.9,1791197097.275074,GpsPps,571,645,26,11,True,10860,12.954584566752116
632,799.9,1791197098.275077,GpsPps,581,645,27,11,True,10860,12.971251285076141
633,800.901,1791197099.276081,GpsPps,591,645,28,11,True,10860,12.987934684753418
634,801.898,1791197100.273148,GpsPps,601,645,29,11,True,10860,13.004552467664082
635,802.901,1791197101.276905,GpsPps,611,645,30,11,True,10860,13.021281750996907
638,803.9,1791197102.274972,GpsPps,621,645,31,11,True,10860,13.037916199366252
640,804.902,1791197103.277012,GpsPps,631,645,32,11,True,10860,13.054616868495941
678,851.84,1791197150.216167,GpsPps,470,657,33,11,True,10860,13.836936116218567
679,852.838,1791197151.214133,GpsPps,480,657,34,11,True,10860,13.853568883736928
682,853.839,1791197152.21533,GpsPps,490,657,35,11,True,10860,13.87025549809138
683,854.842,1791197153.217544,GpsPps,500,657,36,11,True,10860,13.886959067980449
684,855.849,1791197154.225409,GpsPps,510,657,37,11,True,10860,13.903756817181906
685,856.847,1791197155.223389,GpsPps,520,657,38,11,True,10860,13.920389815171559
686,857.87,1791197156.246161,GpsPps,530,657,39,11,True,10860,13.937436016400655
689,858.872,1791197157.248257,GpsPps,540,657,40,11,True,10860,13.954137615362804
690,859.873,1791197158.249125,GpsPps,550,657,41,11,True,10860,13.970818750063579
691,860.875,1791197159.251371,GpsPps,560,657,42,11,True,10860,13.987522848447163
692,861.874,1791197160.250379,GpsPps,570,657,43,11,True,10860,14.004172984759013
693,862.875,1791197161.251384,GpsPps,580,657,44,11,True,10860,14.020856400330862
696,863.878,1791197162.254154,GpsPps,590,657,45,11,True,10860,14.037569232781728
697,864.892,1791197163.268466,GpsPps,600,657,46,11,True,10860,14.054474433263143
698,865.892,1791197164.268452,GpsPps,610,657,47,11,True,10860,14.071140865484873
699,866.892,1791197165.268575,GpsPps,620,657,48,11,True,10860,14.087809582551321
701,867.892,1791197166.268553,GpsPps,630,657,49,11,True,10860,14.104475883642833
704,868.893,1791197167.268691,GpsPps,640,657,50,11,True,10860,14.121144851048788
705,869.892,1791197168.268645,GpsPps,650,657,51,11,True,10860,14.137810750802357
711,872.894,1791197171.270546,GpsPps,120,660,51,11,True,10860,14.187842432657877
744,915.23,1791197213.606776,GpsPps,462,668,52,11,True,10860,14.893446266651154
745,916.23,1791197214.606601,GpsPps,472,668,53,11,True,10860,14.91011001666387
746,917.229,1791197215.605699,GpsPps,482,668,54,11,True,10860,14.926761651039124
747,918.242,1791197216.618948,GpsPps,492,668,55,11,True,10860,14.943649133046469
750,919.242,1791197217.619073,GpsPps,502,668,56,11,True,10860,14.960317881902059
755,920.242,1791197218.619055,GpsPps,512,668,57,11,True,10860,14.976984250545502
756,921.242,1791197219.619159,GpsPps,522,668,58,11,True,10860,14.99365264972051
757,922.343,1791197220.719308,GpsPps,533,668,59,11,True,10860,15.011988464991251
760,924.909,1791197223.286063,GpsPps,558,668,60,11,True,10860,15.05476771593094
761,925.91,1791197224.287182,GpsPps,568,668,61,11,True,10860,15.071453034877777
762,926.91,1791197225.287246,GpsPps,578,668,62,11,True,10860,15.088120766480763
763,927.909,1791197226.285372,GpsPps,588,668,63,11,True,10860,15.104756200313568
766,928.911,1791197227.288187,GpsPps,598,668,64,11,True,10860,15.12146978378296
767,929.91,1791197228.286399,GpsPps,608,668,65,11,True,10860,15.138106648127238
769,930.897,1791197229.273351,GpsPps,618,668,66,11,True,10860,15.154555849234264
806,978.638,1791197277.015091,GpsPps,463,681,67,11,True,10860,15.95025151570638
807,979.644,1791197278.021395,GpsPps,473,681,68,11,True,10860,15.967023249467214
808,980.641,1791197279.01873,GpsPps,483,681,69,11,True,10860,15.983645498752594
811,981.651,1791197280.028047,GpsPps,493,681,70,11,True,10860,16.000467451413474
815,982.657,1791197281.033956,GpsPps,503,681,71,11,True,10860,16.01723260084788
816,983.657,1791197282.034572,GpsPps,513,681,72,11,True,10860,16.03390953143438
817,984.656,1791197283.033526,GpsPps,523,681,73,11,True,10860,16.050558765729267
818,985.657,1791197284.034482,GpsPps,533,681,74,11,True,10860,16.067241366704305
821,986.873,1791197285.250665,GpsPps,545,681,75,11,True,10860,16.087511082490284
822,987.874,1791197286.251881,GpsPps,555,681,76,11,True,10860,16.104198014736177
826,988.878,1791197287.255185,GpsPps,565,681,77,11,True,10860,16.12091974814733
827,989.882,1791197288.259221,GpsPps,575,681,78,11,True,10860,16.13765368461609
828,990.88,1791197289.257451,GpsPps,585,681,79,11,True,10860,16.154290850957235
829,991.887,1791197290.264572,GpsPps,595,681,80,11,True,10860,16.171076198418934
832,992.881,1791197291.258438,GpsPps,605,681,81,11,True,10860,16.187640635172524
865,1042.118,1791197340.496377,GpsPps,456,696,82,11,True,10860,17.008272949854533
866,1043.117,1791197341.4953,GpsPps,466,696,83,11,True,10860,17.024921667575835
867,1044.118,1791197342.495784,GpsPps,476,696,84,11,True,10860,17.041596400737763
868,1045.125,1791197343.503493,GpsPps,487,696,85,11,True,10860,17.058391551176708
876,1047.893,1791197346.271466,GpsPps,514,696,86,11,True,10860,17.104524433612823
877,1048.9,1791197347.277816,GpsPps,524,696,87,11,True,10860,17.121296934286754
878,1049.909,1791197348.286745,GpsPps,534,696,88,11,True,10860,17.138112417856853
879,1050.897,1791197349.274967,GpsPps,544,696,89,11,True,10860,17.154582782586417
882,1051.898,1791197350.276657,GpsPps,554,696,90,11,True,10860,17.171277618408205
883,1052.902,1791197351.279761,GpsPps,564,696,91,11,True,10860,17.187996017932893
887,1053.911,1791197352.289644,GpsPps,574,696,92,11,True,10860,17.204827400048575
922,1105.68,1791197404.058525,GpsPps,459,713,93,11,True,10860,18.067642084757487
923,1107.68,1791197406.058585,GpsPps,479,713,94,11,True,10860,18.10097641547521
926,1108.68,1791197407.0587,GpsPps,489,713,95,11,True,10860,18.11764500141144
927,1109.68,1791197408.058672,GpsPps,499,713,96,11,True,10860,18.134311199188232
928,1110.68,1791197409.058783,GpsPps,509,713,97,11,True,10860,18.15097971757253
934,1111.68,1791197410.058766,GpsPps,519,713,98,11,True,10860,18.167646098136903
935,1113.68,1791197412.058697,GpsPps,539,713,99,11,True,10860,18.200978283087412
936,1115.931,1791197414.310035,GpsPps,562,713,100,11,True,10860,18.238500583171845
939,1116.912,1791197415.291269,GpsPps,571,713,101,11,True,10860,18.25485448439916
940,1117.927,1791197416.306212,GpsPps,582,713,102,11,True,10860,18.27177019913991
944,1118.928,1791197417.306961,GpsPps,592,713,103,11,True,10860,18.28844935099284
946,1119.926,1791197418.304804,GpsPps,602,713,104,11,True,10860,18.30508006811142
947,1120.931,1791197419.309821,GpsPps,612,713,105,11,True,10860,18.321830348173776
950,1121.936,1791197420.314718,GpsPps,622,713,106,11,True,10860,18.338578633467357
958,1128.948,1791197427.327147,GpsPps,112,720,106,11,True,10860,18.455452450116475
987,1168.972,1791197467.351174,GpsPps,452,726,107,11,True,10860,19.122519568602243
988,1169.972,1791197468.351478,GpsPps,462,726,108,11,True,10860,19.13919130166372
989,1170.972,1791197469.351445,GpsPps,472,726,109,11,True,10860,19.15585741599401
990,1171.972,1791197470.351596,GpsPps,482,726,110,11,True,10860,19.172526601950327
991,1172.972,1791197471.351549,GpsPps,492,726,111,11,True,10860,19.189192481835683
994,1173.972,1791197472.351653,GpsPps,502,726,112,11,True,10860,19.205860884984336
995,1174.972,1791197473.351638,GpsPps,512,726,113,11,True,10860,19.222527301311494
1001,1177.847,1791197476.226829,GpsPps,541,726,114,11,True,10860,19.27044715086619
1002,1178.935,1791197477.31485,GpsPps,552,726,115,11,True,10860,19.28858083486557
1003,1179.934,1791197478.314005,GpsPps,562,726,116,11,True,10860,19.305233414967855
1004,1180.939,1791197479.319059,GpsPps,572,726,117,11,True,10860,19.321984314918517
1007,1181.847,1791197480.226131,GpsPps,581,726,118,11,True,10860,19.337102182706197
1008,1182.849,1791197481.229053,GpsPps,591,726,119,11,True,10860,19.353817550341287
1010,1183.939,1791197482.318325,GpsPps,602,726,120,11,True,10860,19.37197208404541
1050,1233.358,1791197531.737796,GpsPps,456,741,121,11,True,10860,20.19562993446986
1051,1234.358,1791197532.737756,GpsPps,466,741,122,11,True,10860,20.212295933564505
1052,1235.358,1791197533.737861,GpsPps,476,741,123,11,True,10860,20.228964348634083
1053,1236.358,1791197534.737837,GpsPps,486,741,124,11,True,10860,20.245630617936452
1056,1237.358,1791197535.737935,GpsPps,496,741,125,11,True,10860,20.262298917770387
1057,1238.358,1791197536.737919,GpsPps,506,741,126,11,True,10860,20.27896531820297
1058,1239.358,1791197537.738036,GpsPps,516,741,127,11,True,10860,20.2956339319547
1059,1240.358,1791197538.738015,GpsPps,526,741,128,11,True,10860,20.312300248940787
1062,1242.851,1791197541.231115,GpsPps,551,741,129,11,True,10860,20.353851918379466
1065,1243.861,1791197542.241368,GpsPps,561,741,130,11,True,10860,20.37068946758906
1066,1244.86,1791197543.240281,GpsPps,571,741,131,11,True,10860,20.38733801841736
1067,1245.864,1791197544.244294,GpsPps,581,741,132,11,True,10860,20.404071565469106
1069,1246.869,1791197545.249407,GpsPps,591,741,133,11,True,10860,20.42082345088323
1072,1247.87,1791197546.250617,GpsPps,601,741,134,11,True,10860,20.437510283788047
1073,1248.868,1791197547.248638,GpsPps,611,741,135,11,True,10860,20.454143965244292
1113,1297.747,1791197596.127696,GpsPps,469,754,136,11,True,10860,21.268794933954876
1114,1298.747,1791197597.127822,GpsPps,479,754,137,11,True,10860,21.285463698705037
1115,1299.747,1791197598.127796,GpsPps,489,754,138,11,True,10860,21.30212993224462
1116,1300.747,1791197599.127911,GpsPps,499,754,139,11,True,10860,21.31879851818085
1117,1301.747,1791197600.127892,GpsPps,509,754,140,11,True,10860,21.335464866956077
1120,1302.747,1791197601.128005,GpsPps,519,754,141,11,True,10860,21.352133417129515
1121,1303.747,1791197602.127989,GpsPps,529,754,142,11,True,10860,21.368799817562103
1122,1304.847,1791197603.228142,GpsPps,540,754,143,11,True,10860,21.387135700384775
1123,1305.747,1791197604.128154,GpsPps,549,754,144,11,True,10860,21.402135900656383
1124,1306.747,1791197605.128124,GpsPps,559,754,145,11,True,10860,21.418802066644034
1132,1307.904,1791197606.284601,GpsPps,570,754,146,11,True,10860,21.438076682885487
1133,1308.912,1791197607.293333,GpsPps,580,754,147,11,True,10860,21.45488888422648
1134,1309.917,1791197608.297659,GpsPps,590,754,148,11,True,10860,21.47162764867147
1136,1310.928,1791197609.309168,GpsPps,601,754,149,11,True,10860,21.48848613500595
1137,1311.925,1791197610.305559,GpsPps,611,754,150,11,True,10860,21.50509264866511
1140,1312.924,1791197611.304612,GpsPps,621,754,151,11,True,10860,21.52174353202184
1141,1313.921,1791197612.302476,GpsPps,631,754,152,11,True,10860,21.538374598821004
