record,mono_s,utc_s,purpose,epoch,slot,sequence,elapsed_min
24,21.684,1791196320.05106,Presence,29853272,0,0,0.0008509993553161621
44,52.689,1791196351.056272,Heartbeat,29853272,31,1,0.5176045338312785
69,86.684,1791196385.051234,Presence,29853273,5,2,1.0841872334480285
86,107.704,1791196406.071882,Heartbeat,29853273,26,3,1.4345313668251038
120,151.683,1791196450.051375,Presence,29853274,10,4,2.167522915204366
133,162.703,1791196461.071468,Heartbeat,29853274,21,5,2.3511911352475483
170,216.682,1791196515.051019,Presence,29853275,15,6,3.2508503158887225
185,237.702,1791196536.071472,Heartbeat,29853275,36,7,3.6011911988258363
207,261.682,1791196560.05103,Presence,29853276,0,8,4.0008504986763
227,292.702,1791196591.071462,Heartbeat,29853276,31,9,4.517857698599498
252,326.681,1791196625.051029,Presence,29853277,5,10,5.084183816115061
269,347.701,1791196646.071488,Heartbeat,29853277,26,11,5.43452479839325
301,391.68,1791196690.05103,Presence,29853278,10,12,6.167517165342967
314,402.7,1791196701.071497,Heartbeat,29853278,21,13,6.351191616058349
351,456.679,1791196755.05103,Presence,29853279,15,14,7.2508504986763
368,477.7,1791196776.071502,Heartbeat,29853279,36,15,7.601191699504852
390,501.679,1791196800.05104,Presence,29853280,0,16,8.000850665569306
410,532.699,1791196831.071489,Heartbeat,29853280,31,17,8.517858151594798
435,566.678,1791196865.051041,Presence,29853281,5,18,9.084184014797211
452,587.698,1791196886.071514,Heartbeat,29853281,26,19,9.434525231520334
484,631.677,1791196930.051039,Presence,29853282,10,20,10.1675173163414
496,642.698,1791196941.071511,Heartbeat,29853282,21,21,10.351191850503286
543,696.677,1791196995.051049,Presence,29853283,15,22,11.25085081656774
558,717.697,1791197016.071524,Heartbeat,29853283,36,23,11.601192065080006
592,741.676,1791197040.051047,Presence,29853284,0,24,12.000850784778596
611,772.696,1791197071.071502,Heartbeat,29853284,31,25,12.517858366171518
643,806.676,1791197105.051047,Presence,29853285,5,26,13.084184118111928
659,827.696,1791197126.071522,Heartbeat,29853285,26,27,13.434525366624197
708,871.675,1791197170.051047,Presence,29853286,10,28,14.167517451445262
721,882.695,1791197181.071525,Heartbeat,29853286,21,29,14.351192084948222
774,936.674,1791197235.051048,Presence,29853287,15,30,15.250850800673167
789,957.694,1791197256.071519,Heartbeat,29853287,36,31,15.601191981633503
812,981.674,1791197280.051048,Presence,29853288,0,32,16.000850800673167
843,1012.694,1791197311.071502,Heartbeat,29853288,31,33,16.51785836617152
873,1046.673,1791197345.051047,Presence,29853289,5,34,17.084184118111928
897,1067.693,1791197366.071529,Heartbeat,29853289,26,35,17.434525481859843
931,1111.672,1791197410.05117,Presence,29853290,10,36,18.167519501845042
953,1122.693,1791197421.071527,Heartbeat,29853290,21,37,18.351192116737366
998,1176.672,1791197475.051048,Presence,29853291,15,38,19.250850800673167
1021,1197.692,1791197496.071528,Heartbeat,29853291,36,39,19.601192132631937
1040,1221.671,1791197520.051047,Presence,29853292,0,40,20.000850784778596
1075,1252.691,1791197551.071504,Heartbeat,29853292,31,41,20.517858401934305
1103,1286.67,1791197585.051043,Presence,29853293,5,42,21.084184050559998
1129,1307.691,1791197606.071516,Heartbeat,29853293,26,43,21.43452526728312
